{"Head Accessory":{"Bat ears":0.004130524576621231,"Black bunny ears":0.008261049153242462,"Black heart clip":0.004130524576621231,"Cat ear headband":0.004130524576621231,"Cat ears":0.0020652622883106154,"Gold tiara":0.00004130524576621231,"Hair clips":0.008261049153242462,"Halo":0.0004130524576621231,"Heart headset":0.004130524576621231,"Hockey mask":0.0004130524576621231,"Horns":0.004130524576621231,"Lilac bow":0.008261049153242462,"Lilac headphones":0.008261049153242462,"Lilac headset":0.008261049153242462,"Mickey":0.004130524576621231,"Pink bunny ears":0.008261049153242462,"Pink headset":0.008261049153242462,"Red heart clip":0.004130524576621231,"Skull + ears":0.0020652622883106154,"White bunny ears":0.008261049153242462},"Glasses":{"Two tone glasses":0.05,"Thick rim black":0.1,"Secretary glasses":0.1,"Scouter":0.01,"Pink sunglasses":0.05,"Nerd glasses":0.1,"Heart sunglasses":0.1,"Gold rim glasses":0.01,"Giant round glasses":0.1,"Cool guy":0.1,"Cat eye sunglasses":0.1,"Cat eye black":0.1},"Mouth Accessory":{"X mask":0.05,"white mask":0.05,"Pink vape":0.05,"Pink mask":0.05,"Pentagram mask":0.05,"Lilac vape":0.05,"Cross mask":0.05,"Black vape":0.05,"Black mask":0.05,"Tongue out":0.05,"Demon teeth":0.01},"Hair":{"Witch hat":0.0005327082889409767,"Pink beanie":0.010654165778819537,"Pink cat cap":0.010654165778819537,"Pink baseball cap":0.010654165778819537,"Cat mask":0.010654165778819537,"Black beanie":0.010654165778819537,"Black baseball cap":0.010654165778819537,"Winona":0.002663541444704884,"Wavy pink":0.010654165778819537,"Space buns undercut":0.010654165778819537,"Short peach":0.010654165778819537,"Short curly":0.010654165778819537,"Shego":0.005327082889409768,"Shaved":0.010654165778819537,"Red streaks":0.010654165778819537,"Red half shaved":0.010654165778819537,"Red fauxhawk":0.010654165778819537,"Red braids":0.010654165778819537,"Purple pointed fringe":0.010654165778819537,"Purple half shaved":0.010654165778819537,"Pointed fringe":0.010654165778819537,"Pink short":0.010654165778819537,"Pink short fringe long":0.010654165778819537,"Pink pony":0.010654165778819537,"Pink pixie":0.010654165778819537,"Pink fringe":0.010654165778819537,"Pink curly":0.010654165778819537,"Peach fringe":0.010654165778819537,"Peach anime":0.010654165778819537,"Orange mullet":0.010654165778819537,"Nun habit":0.005327082889409768,"Multicolour":0.002663541444704884,"Moon":0.0005327082889409767,"Misty":0.0005327082889409767,"Lydia":0.0005327082889409767,"Long purple":0.010654165778819537,"Long black":0.010654165778819537,"Long black wavy":0.010654165778819537,"Lilac half shaved":0.010654165778819537,"Lilac cat ears":0.010654165778819537,"Leia":0.005327082889409768,"Jane":0.002663541444704884,"Harley Quinn":0.0005327082889409767,"Grey half shaved":0.010654165778819537,"Green Ramona":0.010654165778819537,"Green pigtails":0.010654165778819537,"Green mullet":0.00005327082889409768,"Green Mohican":0.010654165778819537,"Green glam":0.010654165778819537,"Green fringe":0.010654165778819537,"Green Chelsea":0.010654165778819537,"Green braids":0.010654165778819537,"Green anime":0.010654165778819537,"Green + black pony":0.010654165778819537,"Ginger short fringe long":0.010654165778819537,"Femme fatale hat":0.0005327082889409767,"Egirl":0.010654165778819537,"Deathlock":0.010654165778819537,"Choppy":0.010654165778819537,"Bulma":0.002663541444704884,"Brown pigtails":0.010654165778819537,"Brown party pony":0.010654165778819537,"Brown bun":0.010654165778819537,"Brown braids":0.010654165778819537,"Blue space buns":0.010654165778819537,"Blue Ramona":0.002663541444704884,"Blue punk":0.010654165778819537,"Blue pony":0.010654165778819537,"Blue long":0.010654165778819537,"Blue fringe":0.010654165778819537,"Blue fringe long":0.010654165778819537,"Blonde tucked":0.010654165778819537,"Blonde streaks":0.010654165778819537,"Blonde streak pixie":0.010654165778819537,"Blonde straight":0.010654165778819537,"Blonde side part":0.010654165778819537,"Blonde short fringe long":0.010654165778819537,"Blonde pony":0.010654165778819537,"Blonde pompadour":0.010654165778819537,"Blonde mullet":0.010654165778819537,"Blonde long":0.010654165778819537,"Blonde half shaved":0.010654165778819537,"Blonde glam":0.005327082889409768,"Blonde crown horns":0.002663541444704884,"Black tucked":0.010654165778819537,"Black spikes":0.010654165778819537,"Black short waves":0.010654165778819537,"Black short fringe":0.010654165778819537,"Black short fringe long":0.010654165778819537,"Black shaved pigtails":0.010654165778819537,"Black scene queen":0.010654165778819537,"Black red two tone":0.010654165778819537,"Black punk":0.010654165778819537,"Black pony":0.010654165778819537,"Black pompadour":0.010654165778819537,"Black pixie":0.010654165778819537,"Black pigtails":0.010654165778819537,"Black mullet":0.010654165778819537,"Black Mohawk":0.010654165778819537,"Black messy pony":0.010654165778819537,"Black long":0.010654165778819537,"Black high pigtails":0.010654165778819537,"Black half shaved":0.010654165778819537,"Black glam":0.010654165778819537,"Black fauxhawk":0.010654165778819537,"Black Chelsea":0.010654165778819537,"Black beehive":0.010654165778819537,"Billie":0.0005327082889409767,"Zero Two":0.00005327082889409768},"Earring Upper":{"Earring":0.05,"Stud":0.05},"Earring Lower":{"White plug":0.1,"Tunnel":0.1,"Star plug":0.1,"Pink plug":0.1,"Gold heart plug":0.001,"Earring":0.1,"Stud":0.1,"Black Plug":0.1},"Orbital Piercing":{"Orbital":0.05},"Industrial Piercing":{"Industrial":0.05},"Helix Piercing":{"Helix":0.05},"Tragus Piercing":{"Tragus":0.05},"Snug Piercing":{"Snug":0.05},"Neck Accessory":{"Yellow Spotty Choker":0.00273560388455752,"XXX Necklace":0.00273560388455752,"X Necklace":0.00273560388455752,"Bloody Vampire teeth necklace":0.00273560388455752,"Tooth necklace":0.00273560388455752,"Thin band":0.00273560388455752,"String bow":0.00273560388455752,"Solana chain":0.00273560388455752,"Skull necklace":0.00273560388455752,"Sailor Moon Choker":0.00273560388455752,"Ruby crystal necklace":0.00273560388455752,"Ruby choker":0.00273560388455752,"Red ribbon":0.00273560388455752,"Red heart choker":0.00273560388455752,"Red collar":0.00273560388455752,"Red candy laces":0.00273560388455752,"Razorblade necklace":0.00273560388455752,"Rainbow necklace":0.00273560388455752,"Pink spotty choker":0.00273560388455752,"Peridot crystal necklace":0.00273560388455752,"Pentagram choker":0.00273560388455752,"Pearl necklace":0.00273560388455752,"Patterned choker":0.00273560388455752,"Padlock":0.00273560388455752,"Moon necklace":0.00273560388455752,"Lace choker":0.00273560388455752,"Heart of the ocean":0.000273560388455752,"Heart chain studded":0.00273560388455752,"Handcuff choker":0.00273560388455752,"Gold skull necklace":0.00273560388455752,"Gold ring necklace":0.00273560388455752,"Gold leash":0.00273560388455752,"Gold heart locket":0.00273560388455752,"Gold choker":0.00273560388455752,"Gold choker 2":0.00273560388455752,"Gold chain":0.0000273560388455752,"Eyeball necklace":0.00273560388455752,"Dollar chain":0.00273560388455752,"Daddy choker":0.00273560388455752,"Cry baby necklace":0.00273560388455752,"Coffin choker":0.00273560388455752,"Bone choker":0.00273560388455752,"Blue lacy bow":0.00273560388455752,"Blue heart collar":0.00273560388455752,"Bloody vampire teeth necklace":0.00273560388455752,"Bloody choker":0.00273560388455752,"Black thick choker":0.00273560388455752,"Black studded leather ring":0.00273560388455752,"Black studded heart collar":0.00273560388455752,"Black studded collar":0.00273560388455752,"Black studded choker":0.00273560388455752,"Black ruffle":0.00273560388455752,"Black ruffle + lace":0.00273560388455752,"Black ribbon":0.00273560388455752,"Black leather ring":0.00273560388455752,"Black leather heart":0.00273560388455752,"Black leash":0.00273560388455752,"Black lace":0.00273560388455752,"Black lace choker":0.00273560388455752,"Black heart collar":0.00273560388455752,"Black heart choker studded":0.00273560388455752,