{
  "Head Accessory": 2.4210000000000003,
  "Glasses": 0.9199999999999999,
  "Mouth Accessory": 0.5099999999999999,
  "Hair": 18.77199999999997,
  "Earring Upper": 0.1,
  "Earring Lower": 0.701,
  "Orbital Piercing": 0.05,
  "Industrial Piercing": 0.05,
  "Helix Piercing": 0.05,
  "Tragus Piercing": 0.05,
  "Snug Piercing": 0.05,
  "Neck Accessory": 7.31099999999999,
  "Clothes": 4.699999999999999,
  "Chest Accessory": 0.55,
  "Eye Accessory": 0.18,
  "Eyelashes & Liner": 0.9999999999999999,
  "Eye Shadow": 3.001000000000001,
  "Eyebrows": 1.9210000000000003,
  "Nose Accessory": 0.060000000000000005,
  "Eyes Base": 1,
  "Eyes": 0.14100000000000001,
  "Under Eye Makeup": 0.23100000000000004,
  "Face Paint": 0.10999999999999999,
  "Blush": 0.5,
  "Cheekbone": 1.2000000000000004,
  "Nose Piercing Right": 0.1,
  "Nose Piercing Left": 0.2,
  "Septum Piercing": 0.2,
  "Monroe Piercing": 0.1,
  "Medusa Piercing": 0.1,
  "Madonna Piercing": 0.1,
  "Labret Right": 0.2,
  "Labret Left": 0.2,
  "Labret Centre": 0.2,
  "Lipstick": 3.4710000000000005,
  "Bridge Piercing": 0.05,
  "Beauty Mark": 0.3,
  "Forehead Tattoo": 0.111,
  "Scalp Tattoo": 0.15000000000000002,
  "Head Side Tattoo": 0.3,
  "Shoulder Tattoo": 0.9000000000000002,
  "Chest Tattoo": 1.0000000000000002,
  "Base": 1,
  "Behind Eye Makeup": 0.1,
  "Skin Tone": 3.032,
  "Background": 1.8009999999999997
}
