{
  "Head Accessory": 0.11494592767826989,
  "Glasses": 0.038864481243663464,
  "Hair": 1,
  "Clothes": 0.1985468063534981,
  "Neck Accessory": 0.49894389996620464,
  "Chest Accessory": 0.023234200743494467,
  "Eye Accessory": 0.007603920243325461,
  "Earring Upper": 0.004224400135180812,
  "Earring Lower": 0.02961304494761749,
  "Orbital Piercing": 0.002112200067590406,
  "Industrial Piercing": 0.002112200067590406,
  "Helix Piercing": 0.002112200067590406,
  "Tragus Piercing": 0.002112200067590406,
  "Snug Piercing": 0.002112200067590406,
  "Eyelashes & Liner": 0.042244001351808114,
  "Eye Shadow": 0.1267742480567762,
  "Eyebrows": 0.0811507265968234,
  "Nose Accessory": 0.0025346400811084874,
  "Mouth Accessory": 0.021544440689422135,
  "Eyes Base": 0.04224400135180812,
  "Eyes": 0.005956404190604945,
  "Under Eye Makeup": 0.009758364312267677,
  "Face Paint": 0.004646840148698893,
  "Blush": 0.02112200067590406,
  "Cheekbone": 0.050692801622169756,
  "Nose Piercing Right": 0.004224400135180812,
  "Nose Piercing Left": 0.008448800270361625,
  "Septum Piercing": 0.008448800270361625,
  "Monroe Piercing": 0.004224400135180812,
  "Medusa Piercing": 0.004224400135180812,
  "Madonna Piercing": 0.004224400135180812,
  "Labret Right Piercing": 0.008448800270361625,
  "Labret Left Piercing": 0.008448800270361625,
  "Labret Centre Piercing": 0.008448800270361625,
  "Lipstick": 0.146628928692126,
  "Bridge Piercing": 0.002112200067590406,
  "Beauty Mark": 0.012673200405542435,
  "Forehead Tattoo": 0.0046890841500507015,
  "Scalp Tattoo": 0.006336600202771219,
  "Head Side Tattoo": 0.012673200405542435,
  "Shoulder Tattoo": 0.07181480229807384,
  "Base": 0.04224400135180812,
  "Behind Eye Makeup": 0.006336600202771219,
  "Skin Tone": 0.12808381209868222,
  "Background": 0.0760814464346064
}